<?xml version="1.0" encoding="UTF-8"?>
<xmi:XMI xmi:version="2.0" xmlns:xmi="http://www.omg.org/XMI" xmlns:resources.j2c="http://www.ibm.com/websphere/appserver/schemas/5.0/resources.j2c.xmi" xmlns:resources.jdbc="http://www.ibm.com/websphere/appserver/schemas/5.0/resources.jdbc.xmi" xmlns:resources.jms="http://www.ibm.com/websphere/appserver/schemas/5.0/resources.jms.xmi" xmlns:resources.mail="http://www.ibm.com/websphere/appserver/schemas/5.0/resources.mail.xmi" xmlns:resources.url="http://www.ibm.com/websphere/appserver/schemas/5.0/resources.url.xmi">
  <resources.jdbc:JDBCProvider xmi:id="builtin_jdbcprovider" name="Derby JDBC Provider (XA)" description="Built-in Derby JDBC Provider (XA)" providerType="Derby JDBC Provider (XA)" implementationClassName="org.apache.derby.jdbc.EmbeddedXADataSource" xa="true">
    <classpath>${DERBY_JDBC_DRIVER_PATH}/derby.jar</classpath>
    <factories xmi:type="resources.jdbc:DataSource" xmi:id="DataSource_1190410481046" name="DefaultEJBTimerDataSource" jndiName="jdbc/DefaultEJBTimerDataSource" description="Default data source for WebSphere EJB Timer Service" category="default" authMechanismPreference="BASIC_PASSWORD" relationalResourceAdapter="builtin_rra" statementCacheSize="10" datasourceHelperClassname="com.ibm.websphere.rsadapter.DerbyDataStoreHelper">
      <propertySet xmi:id="J2EEResourcePropertySet_1190410481046">
        <resourceProperties xmi:id="J2EEResourceProperty_1190410481046" name="databaseName" type="java.lang.String" value="${USER_INSTALL_ROOT}/databases/EJBTimers/${SERVER}/EJBTimerDB" description="Location of Derby default database for the EJB Timer Service." required="true"/>
        <resourceProperties xmi:id="J2EEResourceProperty_1190410481047" name="shutdownDatabase" type="java.lang.String" value=""/>
        <resourceProperties xmi:id="J2EEResourceProperty_1190410481048" name="dataSourceName" type="java.lang.String" value=""/>
        <resourceProperties xmi:id="J2EEResourceProperty_1190410481049" name="description" type="java.lang.String" value=""/>
        <resourceProperties xmi:id="J2EEResourceProperty_1190410481050" name="connectionAttributes" type="java.lang.String" value="upgrade=true" description="Allows the Derby database to be upgraded."/>
        <resourceProperties xmi:id="J2EEResourceProperty_1190410481051" name="createDatabase" type="java.lang.String" value=""/>
        <resourceProperties xmi:id="J2EEResourceProperty_1190410481052" name="enableMultithreadedAccessDetection" type="java.lang.Boolean" value="false"/>
        <resourceProperties xmi:id="J2EEResourceProperty_1190410481053" name="preTestSQLString" type="java.lang.String" value=""/>
      </propertySet>
      <connectionPool xmi:id="ConnectionPool_1190410481046" connectionTimeout="1800" maxConnections="30" minConnections="1" reapTime="180" unusedTimeout="1800" agedTimeout="0" purgePolicy="EntirePool"/>
    </factories>
  </resources.jdbc:JDBCProvider>
  <resources.jms:JMSProvider xmi:id="builtin_jmsprovider" name="WebSphere JMS Provider" description="V5 Default Messaging Provider" externalInitialContextFactory="" externalProviderURL=""/>
  <resources.jms:JMSProvider xmi:id="builtin_mqprovider" name="WebSphere MQ JMS Provider" description="WebSphere MQ Messaging Provider" externalInitialContextFactory="" externalProviderURL=""/>
  <resources.j2c:J2CResourceAdapter xmi:id="builtin_rra" name="WebSphere Relational Resource Adapter" description="Built-in Relational Resource Adapter for WebSphere Persistence" archivePath="${WAS_LIBS_DIR}/rsadapter.rar">
    <classpath>${WAS_LIBS_DIR}/rsadapter.rar</classpath>
    <propertySet xmi:id="J2EEResourcePropertySet_1190410481047"/>
    <deploymentDescriptor xmi:id="Connector_1190410481046" displayName="WS_RdbResourceAdapter" vendorName="IBM" specVersion="1.5" eisType="RRA" version="6.0">
      <icons xmi:id="IconType_1190410481046" smallIcon="rdb_small_icon.jpg" largeIcon="rdb_large_icon.jpg"/>
      <displayNames xmi:id="DisplayName_1190410481046" value="WS_RdbResourceAdapter"/>
      <displayNames xmi:id="DisplayName_1190410481047" value="WS_RdbResourceAdapter"/>
      <descriptions xmi:id="Description_1190410481046" value="IBM Relational ResourceAdapter"/>
      <license xmi:id="License_1190410481046" required="false">
        <descriptions xmi:id="Description_1190410481047" value="IBM Relational ResourceAdapter"/>
      </license>
      <resourceAdapter xmi:id="ResourceAdapter_1190410481046" transactionSupport="NoTransaction" reauthenticationSupport="false" resourceAdapterClass="com.ibm.ws.rsadapter.spi.WSResourceAdapterImpl">
        <outboundResourceAdapter xmi:id="OutboundResourceAdapter_1190410481046" reauthenticationSupport="false" transactionSupport="XATransaction">
          <connectionDefinitions xmi:id="ConnectionDefinition_1190410481046" managedConnectionFactoryClass="com.ibm.ws.rsadapter.spi.WSManagedConnectionFactoryImpl" connectionFactoryInterface="javax.resource.cci.ConnectionFactory" connectionFactoryImplClass="com.ibm.ws.rsadapter.cci.WSRdbConnectionFactoryImpl" connectionInterface="javax.resource.cci.Connection" connectionImplClass="com.ibm.ws.rsadapter.cci.WSRdbConnectionImpl">
            <configProperties xmi:id="ConfigProperty_1190410481046" name="ConnectionFactoryType" type="java.lang.Integer" value="2">
              <descriptions xmi:id="Description_1190410481048" value="A constant indicating the type of connection factory: WSJdbcDataSource (1) or WSRdbConnectionFactory (2)"/>
            </configProperties>
          </connectionDefinitions>
          <authenticationMechanisms xmi:id="AuthenticationMechanism_1190410481046" authenticationMechanismType="BasicPassword" credentialInterface="javax.resource.spi.security.PasswordCredential">
            <descriptions xmi:id="Description_1190410481049" value="BasicPassword authentication"/>
          </authenticationMechanisms>
          <authenticationMechanisms xmi:id="AuthenticationMechanism_1190410481047" authenticationMechanismType="Kerbv5" credentialInterface="javax.resource.spi.security.GenericCredential">
            <descriptions xmi:id="Description_1190410481050" value="Kerbv5 Authentication"/>
          </authenticationMechanisms>
        </outboundResourceAdapter>
      </resourceAdapter>
    </deploymentDescriptor>
    <connectionDefTemplateProps xmi:id="ConnectionDefTemplateProps_1190410481046" ConnectionDefinition="ConnectionDefinition_1190410481046"/>
  </resources.j2c:J2CResourceAdapter>
  <resources.mail:MailProvider xmi:id="builtin_mailprovider" name="Built-in Mail Provider" description="The built-in mail provider">
    <protocolProviders xmi:id="ProtocolProvider_1190410481046" protocol="smtp" classname="com.sun.mail.smtp.SMTPTransport" type="TRANSPORT"/>
    <protocolProviders xmi:id="ProtocolProvider_1190410481047" protocol="pop3" classname="com.sun.mail.pop3.POP3Store" type="STORE"/>
    <protocolProviders xmi:id="ProtocolProvider_1190410481048" protocol="imap" classname="com.sun.mail.imap.IMAPStore" type="STORE"/>
  </resources.mail:MailProvider>
  <resources.url:URLProvider xmi:id="URLProvider_1" name="Default URL Provider" streamHandlerClassName="unused" protocol="unused"/>
  <resources.j2c:J2CResourceAdapter xmi:id="J2CResourceAdapter_1184320866437" name="SIB JMS Resource Adapter" description="Default messaging provider" archivePath="${WAS_INSTALL_ROOT}/installedConnectors/sib.api.jmsra.rar">
    <classpath>${WAS_INSTALL_ROOT}/installedConnectors/sib.api.jmsra.rar</classpath>
    <propertySet xmi:id="J2EEResourcePropertySet_1190410481048"/>
    <deploymentDescriptor xmi:id="Connector_1190410481047" displayName="WebSphere Default Messaging Provider" vendorName="IBM" specVersion="1.5" eisType="JMS Provider" version="0.3">
      <displayNames xmi:id="DisplayName_1190410481048" value="WebSphere Default Messaging Provider"/>
      <displayNames xmi:id="DisplayName_1190410481049" value="WebSphere Default Messaging Provider"/>
      <displayNames xmi:id="DisplayName_1190410481050" value="WebSphere Default Messaging Provider"/>
      <displayNames xmi:id="DisplayName_1190410481051" value="WebSphere Default Messaging Provider"/>
      <displayNames xmi:id="DisplayName_1190410481052" value="WebSphere Default Messaging Provider"/>
      <resourceAdapter xmi:id="ResourceAdapter_1190410481047" transactionSupport="NoTransaction" reauthenticationSupport="false" resourceAdapterClass="com.ibm.ws.sib.api.jmsra.impl.JmsJcaResourceAdapterImpl">
        <outboundResourceAdapter xmi:id="OutboundResourceAdapter_1190410481047" reauthenticationSupport="false" transactionSupport="XATransaction">
          <connectionDefinitions xmi:id="ConnectionDefinition_1190410481047" managedConnectionFactoryClass="com.ibm.ws.sib.api.jmsra.impl.JmsJcaManagedQueueConnectionFactoryImpl" connectionFactoryInterface="javax.jms.QueueConnectionFactory" connectionFactoryImplClass="com.ibm.ws.sib.api.jms.impl.JmsQueueConnFactoryImpl" connectionInterface="javax.jms.QueueConnection" connectionImplClass="com.ibm.ws.sib.api.jms.impl.JmsQueueConnectionImpl">
            <configProperties xmi:id="ConfigProperty_1190410481047" name="BusName" type="java.lang.String"/>
            <configProperties xmi:id="ConfigProperty_1190410481048" name="ClientID" type="java.lang.String"/>
            <configProperties xmi:id="ConfigProperty_1190410481049" name="UserName" type="java.lang.String"/>
            <configProperties xmi:id="ConfigProperty_1190410481050" name="Password" type="java.lang.String"/>
            <configProperties xmi:id="ConfigProperty_1190410481051" name="NonPersistentMapping" type="java.lang.String" value="ExpressNonPersistent"/>
            <configProperties xmi:id="ConfigProperty_1190410481052" name="PersistentMapping" type="java.lang.String" value="ReliablePersistent"/>
            <configProperties xmi:id="ConfigProperty_1190410481053" name="ReadAhead" type="java.lang.String" value="Default"/>
            <configProperties xmi:id="ConfigProperty_1190410481054" name="Target" type="java.lang.String"/>
            <configProperties xmi:id="ConfigProperty_1190410481055" name="TargetType" type="java.lang.String" value="BusMember"/>
            <configProperties xmi:id="ConfigProperty_1190410481056" name="TargetSignificance" type="java.lang.String" value="Preferred"/>
            <configProperties xmi:id="ConfigProperty_1190410481057" name="RemoteProtocol" type="java.lang.String"/>
            <configProperties xmi:id="ConfigProperty_1190410481058" name="TargetTransportChain" type="java.lang.String"/>
            <configProperties xmi:id="ConfigProperty_1190410481059" name="ProviderEndpoints" type="java.lang.String"/>
            <configProperties xmi:id="ConfigProperty_1190410481060" name="ConnectionProximity" type="java.lang.String" value="Bus"/>
            <configProperties xmi:id="ConfigProperty_1190410481061" name="TemporaryQueueNamePrefix" type="java.lang.String"/>
            <configProperties xmi:id="ConfigProperty_1190410481062" name="ShareDataSourceWithCMP" type="java.lang.Boolean" value="false"/>
          </connectionDefinitions>
          <connectionDefinitions xmi:id="ConnectionDefinition_1190410481048" managedConnectionFactoryClass="com.ibm.ws.sib.api.jmsra.impl.JmsJcaManagedTopicConnectionFactoryImpl" connectionFactoryInterface="javax.jms.TopicConnectionFactory" connectionFactoryImplClass="com.ibm.ws.sib.api.jms.impl.JmsTopicConnFactoryImpl" connectionInterface="javax.jms.TopicConnection" connectionImplClass="com.ibm.ws.sib.api.jms.impl.JmsTopicConnectionImpl">
            <configProperties xmi:id="ConfigProperty_1190410481063" name="BusName" type="java.lang.String"/>
            <configProperties xmi:id="ConfigProperty_1190410481064" name="ClientID" type="java.lang.String"/>
            <configProperties xmi:id="ConfigProperty_1190410481065" name="UserName" type="java.lang.String"/>
            <configProperties xmi:id="ConfigProperty_1190410481066" name="Password" type="java.lang.String"/>
            <configProperties xmi:id="ConfigProperty_1190410481067" name="NonPersistentMapping" type="java.lang.String" value="ExpressNonPersistent"/>
            <configProperties xmi:id="ConfigProperty_1190410481068" name="PersistentMapping" type="java.lang.String" value="ReliablePersistent"/>
            <configProperties xmi:id="ConfigProperty_1190410481069" name="DurableSubscriptionHome" type="java.lang.String"/>
            <configProperties xmi:id="ConfigProperty_1190410481070" name="ReadAhead" type="java.lang.String" value="Default"/>
            <configProperties xmi:id="ConfigProperty_1190410481071" name="Target" type="java.lang.String"/>
            <configProperties xmi:id="ConfigProperty_1190410481072" name="TargetType" type="java.lang.String" value="BusMember"/>
            <configProperties xmi:id="ConfigProperty_1190410481073" name="TargetSignificance" type="java.lang.String" value="Preferred"/>
            <configProperties xmi:id="ConfigProperty_1190410481074" name="RemoteProtocol" type="java.lang.String"/>
            <configProperties xmi:id="ConfigProperty_1190410481075" name="TargetTransportChain" type="java.lang.String"/>
            <configProperties xmi:id="ConfigProperty_1190410481076" name="ProviderEndpoints" type="java.lang.String"/>
            <configProperties xmi:id="ConfigProperty_1190410481077" name="ConnectionProximity" type="java.lang.String" value="Bus"/>
            <configProperties xmi:id="ConfigProperty_1190410481078" name="TemporaryTopicNamePrefix" type="java.lang.String"/>
            <configProperties xmi:id="ConfigProperty_1190410481079" name="ShareDataSourceWithCMP" type="java.lang.Boolean" value="false"/>
            <configProperties xmi:id="ConfigProperty_1190410481080" name="ShareDurableSubscriptions" type="java.lang.String" value="InCluster"/>
          </connectionDefinitions>
          <connectionDefinitions xmi:id="ConnectionDefinition_1190410481062" managedConnectionFactoryClass="com.ibm.ws.sib.api.jmsra.impl.JmsJcaManagedConnectionFactoryImpl" connectionFactoryInterface="javax.jms.ConnectionFactory" connectionFactoryImplClass="com.ibm.ws.sib.api.jms.impl.JmsConnFactoryImpl" connectionInterface="javax.jms.Connection" connectionImplClass="com.ibm.ws.sib.api.jms.impl.JmsConnectionImpl">
            <configProperties xmi:id="ConfigProperty_1190410481081" name="BusName" type="java.lang.String"/>
            <configProperties xmi:id="ConfigProperty_1190410481082" name="ClientID" type="java.lang.String"/>
            <configProperties xmi:id="ConfigProperty_1190410481083" name="UserName" type="java.lang.String"/>
            <configProperties xmi:id="ConfigProperty_1190410481084" name="Password" type="java.lang.String"/>
            <configProperties xmi:id="ConfigProperty_1190410481085" name="NonPersistentMapping" type="java.lang.String" value="ExpressNonPersistent"/>
            <configProperties xmi:id="ConfigProperty_1190410481086" name="PersistentMapping" type="java.lang.String" value="ReliablePersistent"/>
            <configProperties xmi:id="ConfigProperty_1190410481087" name="DurableSubscriptionHome" type="java.lang.String"/>
            <configProperties xmi:id="ConfigProperty_1190410481088" name="ReadAhead" type="java.lang.String" value="Default"/>
            <configProperties xmi:id="ConfigProperty_1190410481089" name="Target" type="java.lang.String"/>
            <configProperties xmi:id="ConfigProperty_1190410481090" name="TargetType" type="java.lang.String" value="BusMember"/>
            <configProperties xmi:id="ConfigProperty_1190410481091" name="TargetSignificance" type="java.lang.String" value="Preferred"/>
            <configProperties xmi:id="ConfigProperty_1190410481092" name="RemoteProtocol" type="java.lang.String"/>
            <configProperties xmi:id="ConfigProperty_1190410481093" name="TargetTransportChain" type="java.lang.String"/>
            <configProperties xmi:id="ConfigProperty_1190410481094" name="ProviderEndpoints" type="java.lang.String"/>
            <configProperties xmi:id="ConfigProperty_1190410481095" name="ConnectionProximity" type="java.lang.String" value="Bus"/>
            <configProperties xmi:id="ConfigProperty_1190410481096" name="TemporaryQueueNamePrefix" type="java.lang.String"/>
            <configProperties xmi:id="ConfigProperty_1190410481097" name="TemporaryTopicNamePrefix" type="java.lang.String"/>
            <configProperties xmi:id="ConfigProperty_1190410481098" name="ShareDataSourceWithCMP" type="java.lang.Boolean" value="false"/>
            <configProperties xmi:id="ConfigProperty_1190410481099" name="ShareDurableSubscriptions" type="java.lang.String" value="InCluster"/>
          </connectionDefinitions>
          <authenticationMechanisms xmi:id="AuthenticationMechanism_1190410481062" authenticationMechanismType="BasicPassword" credentialInterface="javax.resource.spi.security.PasswordCredential"/>
        </outboundResourceAdapter>
        <inboundResourceAdapter xmi:id="InboundResourceAdapter_1190410481062">
          <messageAdapter xmi:id="MessageAdapter_1190410481062">
            <messageListeners xmi:id="MessageListener_1190410481062" messageListenerType="javax.jms.MessageListener">
              <activationSpec xmi:id="ActivationSpec_1190410481062" activationSpecClass="com.ibm.ws.sib.api.jmsra.impl.JmsJcaActivationSpecImpl">
                <requiredConfigProperties xmi:id="RequiredConfigPropertyType_1190410481062" name="destination"/>
                <requiredConfigProperties xmi:id="RequiredConfigPropertyType_1190410481063" name="destinationType"/>
                <requiredConfigProperties xmi:id="RequiredConfigPropertyType_1190410481064" name="busName"/>
              </activationSpec>
            </messageListeners>
          </messageAdapter>
        </inboundResourceAdapter>
        <adminObjects xmi:id="AdminObject_1190410481062" adminObjectInterface="javax.jms.Queue" adminObjectClass="com.ibm.ws.sib.api.jms.impl.JmsQueueImpl">
          <configProperties xmi:id="ConfigProperty_1190410481100" name="QueueName" type="java.lang.String"/>
          <configProperties xmi:id="ConfigProperty_1190410481101" name="DeliveryMode" type="java.lang.String" value="Application"/>
          <configProperties xmi:id="ConfigProperty_1190410481102" name="TimeToLive" type="java.lang.Long"/>
          <configProperties xmi:id="ConfigProperty_1190410481103" name="Priority" type="java.lang.Integer"/>
          <configProperties xmi:id="ConfigProperty_1190410481104" name="ReadAhead" type="java.lang.String" value="AsConnection"/>
          <configProperties xmi:id="ConfigProperty_1190410481105" name="BusName" type="java.lang.String"/>
        </adminObjects>
        <adminObjects xmi:id="AdminObject_1190410481063" adminObjectInterface="javax.jms.Topic" adminObjectClass="com.ibm.ws.sib.api.jms.impl.JmsTopicImpl">
          <configProperties xmi:id="ConfigProperty_1190410481106" name="TopicSpace" type="java.lang.String" value="Default.Topic.Space"/>
          <configProperties xmi:id="ConfigProperty_1190410481107" name="TopicName" type="java.lang.String"/>
          <configProperties xmi:id="ConfigProperty_1190410481108" name="DeliveryMode" type="java.lang.String" value="Application"/>
          <configProperties xmi:id="ConfigProperty_1190410481109" name="TimeToLive" type="java.lang.Long"/>
          <configProperties xmi:id="ConfigProperty_1190410481110" name="Priority" type="java.lang.Integer"/>
          <configProperties xmi:id="ConfigProperty_1190410481111" name="ReadAhead" type="java.lang.String" value="AsConnection"/>
          <configProperties xmi:id="ConfigProperty_1190410481112" name="BusName" type="java.lang.String"/>
        </adminObjects>
      </resourceAdapter>
    </deploymentDescriptor>
    <connectionDefTemplateProps xmi:id="ConnectionDefTemplateProps_1190410481062" ConnectionDefinition="ConnectionDefinition_1190410481047">
      <resourceProperties xmi:id="J2EEResourceProperty_1190410481062" name="BusName" type="java.lang.String" required="false"/>
      <resourceProperties xmi:id="J2EEResourceProperty_1190410481063" name="ClientID" type="java.lang.String" required="false"/>
      <resourceProperties xmi:id="J2EEResourceProperty_1190410481064" name="ConnectionProximity" type="java.lang.String" value="Bus" required="false"/>
      <resourceProperties xmi:id="J2EEResourceProperty_1190410481065" name="durableSubscriptionHome" type="java.lang.String" required="false"/>
      <resourceProperties xmi:id="J2EEResourceProperty_1190410481066" name="NonPersistentMapping" type="java.lang.String" value="ExpressNonPersistent" required="false"/>
      <resourceProperties xmi:id="J2EEResourceProperty_1190410481067" name="Password" type="java.lang.String" required="false"/>
      <resourceProperties xmi:id="J2EEResourceProperty_1190410481068" name="PersistentMapping" type="java.lang.String" value="ReliablePersistent" required="false"/>
      <resourceProperties xmi:id="J2EEResourceProperty_1190410481069" name="ProviderEndpoints" type="java.lang.String" required="false"/>
      <resourceProperties xmi:id="J2EEResourceProperty_1190410481070" name="ReadAhead" type="java.lang.String" value="Default" required="false"/>
      <resourceProperties xmi:id="J2EEResourceProperty_1190410481071" name="RemoteProtocol" type="java.lang.String" required="false"/>
      <resourceProperties xmi:id="J2EEResourceProperty_1190410481072" name="TargetTransportChain" type="java.lang.String" required="false"/>
      <resourceProperties xmi:id="J2EEResourceProperty_1190410481073" name="ShareDataSourceWithCMP" type="java.lang.Boolean" value="false" required="false"/>
      <resourceProperties xmi:id="J2EEResourceProperty_1190410481074" name="shareDurableSubscriptions" type="java.lang.String" value="AsCluster" required="false"/>
      <resourceProperties xmi:id="J2EEResourceProperty_1190410481075" name="Target" type="java.lang.String" required="false"/>
      <resourceProperties xmi:id="J2EEResourceProperty_1190410481076" name="TargetSignificance" type="java.lang.String" value="Preferred" required="false"/>
      <resourceProperties xmi:id="J2EEResourceProperty_1190410481077" name="TargetType" type="java.lang.String" value="BusMember" required="false"/>
      <resourceProperties xmi:id="J2EEResourceProperty_1190410481078" name="TemporaryQueueNamePrefix" type="java.lang.String" required="false"/>
      <resourceProperties xmi:id="J2EEResourceProperty_1190410481079" name="temporaryTopicNamePrefix" type="java.lang.String" required="false"/>
      <resourceProperties xmi:id="J2EEResourceProperty_1190410481080" name="UserName" type="java.lang.String" required="false"/>
    </connectionDefTemplateProps>
    <connectionDefTemplateProps xmi:id="ConnectionDefTemplateProps_1190410481063" ConnectionDefinition="ConnectionDefinition_1190410481048">
      <resourceProperties xmi:id="J2EEResourceProperty_1190410481081" name="BusName" type="java.lang.String" required="false"/>
      <resourceProperties xmi:id="J2EEResourceProperty_1190410481082" name="ClientID" type="java.lang.String" required="false"/>
      <resourceProperties xmi:id="J2EEResourceProperty_1190410481083" name="ConnectionProximity" type="java.lang.String" value="Bus" required="false"/>
      <resourceProperties xmi:id="J2EEResourceProperty_1190410481084" name="DurableSubscriptionHome" type="java.lang.String" required="false"/>
      <resourceProperties xmi:id="J2EEResourceProperty_1190410481085" name="NonPersistentMapping" type="java.lang.String" value="ExpressNonPersistent" required="false"/>
      <resourceProperties xmi:id="J2EEResourceProperty_1190410481086" name="Password" type="java.lang.String" required="false"/>
      <resourceProperties xmi:id="J2EEResourceProperty_1190410481087" name="PersistentMapping" type="java.lang.String" value="ReliablePersistent" required="false"/>
      <resourceProperties xmi:id="J2EEResourceProperty_1190410481088" name="ProviderEndpoints" type="java.lang.String" required="false"/>
      <resourceProperties xmi:id="J2EEResourceProperty_1190410481089" name="ReadAhead" type="java.lang.String" value="Default" required="false"/>
      <resourceProperties xmi:id="J2EEResourceProperty_1190410481090" name="RemoteProtocol" type="java.lang.String" required="false"/>
      <resourceProperties xmi:id="J2EEResourceProperty_1190410481091" name="TargetTransportChain" type="java.lang.String" required="false"/>
      <resourceProperties xmi:id="J2EEResourceProperty_1190410481092" name="ShareDataSourceWithCMP" type="java.lang.Boolean" value="false" required="false"/>
      <resourceProperties xmi:id="J2EEResourceProperty_1190410481093" name="ShareDurableSubscriptions" type="java.lang.String" value="InCluster" required="false"/>
      <resourceProperties xmi:id="J2EEResourceProperty_1190410481094" name="Target" type="java.lang.String" required="false"/>
      <resourceProperties xmi:id="J2EEResourceProperty_1190410481095" name="TargetSignificance" type="java.lang.String" value="Preferred" required="false"/>
      <resourceProperties xmi:id="J2EEResourceProperty_1190410481096" name="TargetType" type="java.lang.String" value="BusMember" required="false"/>
      <resourceProperties xmi:id="J2EEResourceProperty_1190410481097" name="temporaryQueueNamePrefix" type="java.lang.String" required="false"/>
      <resourceProperties xmi:id="J2EEResourceProperty_1190410481098" name="TemporaryTopicNamePrefix" type="java.lang.String" required="false"/>
      <resourceProperties xmi:id="J2EEResourceProperty_1190410481099" name="UserName" type="java.lang.String" required="false"/>
    </connectionDefTemplateProps>
    <connectionDefTemplateProps xmi:id="ConnectionDefTemplateProps_1190410481064" ConnectionDefinition="ConnectionDefinition_1190410481062">
      <resourceProperties xmi:id="J2EEResourceProperty_1190410481100" name="BusName" type="java.lang.String" required="false"/>
      <resourceProperties xmi:id="J2EEResourceProperty_1190410481101" name="ClientID" type="java.lang.String" required="false"/>
      <resourceProperties xmi:id="J2EEResourceProperty_1190410481102" name="ConnectionProximity" type="java.lang.String" value="Bus" required="false"/>
      <resourceProperties xmi:id="J2EEResourceProperty_1190410481103" name="DurableSubscriptionHome" type="java.lang.String" required="false"/>
      <resourceProperties xmi:id="J2EEResourceProperty_1190410481104" name="NonPersistentMapping" type="java.lang.String" value="ExpressNonPersistent" required="false"/>
      <resourceProperties xmi:id="J2EEResourceProperty_1190410481105" name="Password" type="java.lang.String" required="false"/>
      <resourceProperties xmi:id="J2EEResourceProperty_1190410481106" name="PersistentMapping" type="java.lang.String" value="ReliablePersistent" required="false"/>
      <resourceProperties xmi:id="J2EEResourceProperty_1190410481107" name="ProviderEndpoints" type="java.lang.String" required="false"/>
      <resourceProperties xmi:id="J2EEResourceProperty_1190410481108" name="ReadAhead" type="java.lang.String" value="Default" required="false"/>
      <resourceProperties xmi:id="J2EEResourceProperty_1190410481109" name="RemoteProtocol" type="java.lang.String" required="false"/>
      <resourceProperties xmi:id="J2EEResourceProperty_1190410481110" name="TargetTransportChain" type="java.lang.String" required="false"/>
      <resourceProperties xmi:id="J2EEResourceProperty_1190410481111" name="ShareDataSourceWithCMP" type="java.lang.Boolean" value="false" required="false"/>
      <resourceProperties xmi:id="J2EEResourceProperty_1190410481112" name="ShareDurableSubscriptions" type="java.lang.String" value="InCluster" required="false"/>
      <resourceProperties xmi:id="J2EEResourceProperty_1190410481113" name="Target" type="java.lang.String" required="false"/>
      <resourceProperties xmi:id="J2EEResourceProperty_1190410481114" name="TargetSignificance" type="java.lang.String" value="Preferred" required="false"/>
      <resourceProperties xmi:id="J2EEResourceProperty_1190410481115" name="TargetType" type="java.lang.String" value="BusMember" required="false"/>
      <resourceProperties xmi:id="J2EEResourceProperty_1190410481116" name="TemporaryQueueNamePrefix" type="java.lang.String" required="false"/>
      <resourceProperties xmi:id="J2EEResourceProperty_1190410481117" name="TemporaryTopicNamePrefix" type="java.lang.String" required="false"/>
      <resourceProperties xmi:id="J2EEResourceProperty_1190410481118" name="UserName" type="java.lang.String" required="false"/>
    </connectionDefTemplateProps>
    <activationSpecTemplateProps xmi:id="ActivationSpecTemplateProps_1190410481062" activationSpec="ActivationSpec_1190410481062">
      <resourceProperties xmi:id="J2EEResourceProperty_1190410481119" name="acknowledgeMode" type="java.lang.String" value="Auto-acknowledge" required="false"/>
      <resourceProperties xmi:id="J2EEResourceProperty_1190410481120" name="busName" type="java.lang.String" required="true"/>
      <resourceProperties xmi:id="J2EEResourceProperty_1190410481121" name="clientId" type="java.lang.String" required="false"/>
      <resourceProperties xmi:id="J2EEResourceProperty_1190410481122" name="destination" type="javax.jms.Destination" required="true"/>
      <resourceProperties xmi:id="J2EEResourceProperty_1190410481123" name="destinationType" type="java.lang.String" required="true"/>
      <resourceProperties xmi:id="J2EEResourceProperty_1190410481124" name="durableSubscriptionHome" type="java.lang.String" required="false"/>
      <resourceProperties xmi:id="J2EEResourceProperty_1190410481125" name="maxBatchSize" type="java.lang.Integer" value="1" required="false"/>
      <resourceProperties xmi:id="J2EEResourceProperty_1190410481126" name="maxConcurrency" type="java.lang.Integer" value="10" required="false"/>
      <resourceProperties xmi:id="J2EEResourceProperty_1190410481127" name="messageSelector" type="java.lang.String" required="false"/>
      <resourceProperties xmi:id="J2EEResourceProperty_1190410481128" name="password" type="java.lang.String" required="false"/>
      <resourceProperties xmi:id="J2EEResourceProperty_1190410481129" name="readAhead" type="java.lang.String" value="Default" required="false"/>
      <resourceProperties xmi:id="J2EEResourceProperty_1190410481130" name="shareDataSourceWithCMP" type="java.lang.Boolean" value="false" required="false"/>
      <resourceProperties xmi:id="J2EEResourceProperty_1190410481131" name="shareDurableSubscriptions" type="java.lang.String" value="InCluster" required="false"/>
      <resourceProperties xmi:id="J2EEResourceProperty_1190410481132" name="subscriptionDurability" type="java.lang.String" value="NonDurable" required="false"/>
      <resourceProperties xmi:id="J2EEResourceProperty_1190410481133" name="subscriptionName" type="java.lang.String" required="false"/>
      <resourceProperties xmi:id="J2EEResourceProperty_1190410481134" name="target" type="java.lang.String" required="false"/>
      <resourceProperties xmi:id="J2EEResourceProperty_1190410481135" name="targetSignificance" type="java.lang.String" required="false"/>
      <resourceProperties xmi:id="J2EEResourceProperty_1190410481136" name="targetTransportChain" type="java.lang.String" required="false"/>
      <resourceProperties xmi:id="J2EEResourceProperty_1190410481137" name="targetType" type="java.lang.String" required="false"/>
      <resourceProperties xmi:id="J2EEResourceProperty_1190410481138" name="userName" type="java.lang.String" required="false"/>
      <complexPropertySet xmi:id="J2EEResourcePropertySet_1190410481062">
        <resourceProperties xmi:id="J2EEResourceProperty_1190410481139" name="destination" type="javax.jms.Destination" required="false"/>
      </complexPropertySet>
    </activationSpecTemplateProps>
    <adminObjectTemplateProps xmi:id="AdminObjectTemplateProps_1190410481062" adminObject="AdminObject_1190410481062">
      <properties xmi:id="J2EEResourceProperty_1190410481140" name="BusName" type="java.lang.String" required="false"/>
      <properties xmi:id="J2EEResourceProperty_1190410481141" name="DeliveryMode" type="java.lang.String" value="Application" required="false"/>
      <properties xmi:id="J2EEResourceProperty_1190410481142" name="forwardRoutingPath" type="[Ljava.lang.String;" required="false"/>
      <properties xmi:id="J2EEResourceProperty_1190410481143" name="Priority" type="java.lang.Integer" required="false"/>
      <properties xmi:id="J2EEResourceProperty_1190410481144" name="QueueName" type="java.lang.String" required="false"/>
      <properties xmi:id="J2EEResourceProperty_1190410481145" name="ReadAhead" type="java.lang.String" value="AsConnection" required="false"/>
      <properties xmi:id="J2EEResourceProperty_1190410481146" name="reverseRoutingPath" type="[Ljava.lang.String;" required="false"/>
      <properties xmi:id="J2EEResourceProperty_1190410481147" name="TimeToLive" type="java.lang.Long" required="false"/>
    </adminObjectTemplateProps>
    <adminObjectTemplateProps xmi:id="AdminObjectTemplateProps_1190410481063" adminObject="AdminObject_1190410481063">
      <properties xmi:id="J2EEResourceProperty_1190410481148" name="BusName" type="java.lang.String" required="false"/>
      <properties xmi:id="J2EEResourceProperty_1190410481149" name="DeliveryMode" type="java.lang.String" value="Application" required="false"/>
      <properties xmi:id="J2EEResourceProperty_1190410481150" name="forwardRoutingPath" type="[Ljava.lang.String;" required="false"/>
      <properties xmi:id="J2EEResourceProperty_1190410481151" name="Priority" type="java.lang.Integer" required="false"/>
      <properties xmi:id="J2EEResourceProperty_1190410481152" name="ReadAhead" type="java.lang.String" value="AsConnection" required="false"/>
      <properties xmi:id="J2EEResourceProperty_1190410481153" name="reverseRoutingPath" type="[Ljava.lang.String;" required="false"/>
      <properties xmi:id="J2EEResourceProperty_1190410481154" name="TimeToLive" type="java.lang.Long" required="false"/>
      <properties xmi:id="J2EEResourceProperty_1190410481155" name="TopicName" type="java.lang.String" required="false"/>
      <properties xmi:id="J2EEResourceProperty_1190410481156" name="TopicSpace" type="java.lang.String" value="Default.Topic.Space" required="false"/>
    </adminObjectTemplateProps>
  </resources.j2c:J2CResourceAdapter>
</xmi:XMI>
