<?xml version="1.0" encoding="UTF-8"?>
<faceted-project>
  <runtime name="WebSphere Application Server v6.1"/>
  <fixed facet="jsf.ibm"/>
  <fixed facet="com.ibm.websphere.extended.web"/>
  <fixed facet="web.template"/>
  <fixed facet="jsf.base"/>
  <fixed facet="web.jstl"/>
  <fixed facet="com.ibm.websphere.coexistence.web"/>
  <fixed facet="web.siteedit"/>
  <installed facet="jst.web" version="2.4"/>
  <installed facet="jsf.base" version="7.0"/>
  <installed facet="web.struts" version="1.1"/>
  <installed facet="jst.java" version="5.0"/>
  <installed facet="web.template" version="1.0"/>
  <installed facet="web.siteedit" version="7.0"/>
  <installed facet="com.ibm.websphere.coexistence.web" version="6.1"/>
  <installed facet="com.ibm.websphere.extended.web" version="6.1"/>
  <installed facet="web.jstl" version="1.1"/>
  <installed facet="jsf.ibm" version="7.0"/>
</faceted-project>
