<?xml version="1.0"?>

<!DOCTYPE faces-config PUBLIC
  "-//Sun Microsystems, Inc.//DTD JavaServer Faces Config 1.0//EN"
  "http://java.sun.com/dtd/web-facesconfig_1_0.dtd">

<!-- =========== FULL CONFIGURATION FILE ================================== -->

<faces-config>
	<application>
		<state-manager>
		com.ibm.faces.application.DevelopmentStateManager</state-manager>
		<property-resolver>
		com.ibm.faces.databind.SelectItemsPropResolver</property-resolver>
		<variable-resolver>
		com.ibm.faces.databind.SelectItemsVarResolver</variable-resolver>
	</application>
	<factory>
		<faces-context-factory>
		com.ibm.faces.context.AjaxFacesContextFactory</faces-context-factory>
		<render-kit-factory>
		com.ibm.faces.renderkit.AjaxRenderKitFactory</render-kit-factory>
	</factory>
	<managed-bean>
		<managed-bean-name>pc_PersonasJSF</managed-bean-name>
		<managed-bean-class>pagecode.PersonasJSF</managed-bean-class>
		<managed-bean-scope>request</managed-bean-scope>
	</managed-bean>
	<lifecycle>
		<phase-listener>
		com.ibm.faces.webapp.ValueResourcePhaseListener</phase-listener>
	</lifecycle>
</faces-config>
